Increase,Impact
5,0.003097
10,0.006193
20,0.012387
50,0.030967
